url,title,saves,timestamp
https://www.pinterest.com/pin/212795151138832596/,Zeppole Recipe,306,2026-01-31 12:58:31
https://www.pinterest.com/pin/212795151138728478/,Pumpkin Bread Pudding,178,2026-01-31 12:58:36
https://www.pinterest.com/pin/212795151138734954/,Southern Banana Pudding - A delicious homemade pudding recipe!,109,2026-01-31 12:58:34
https://www.pinterest.com/pin/56787645305234258/,Egg Drop Soup - Tornadough Alli,73,2026-01-31 12:58:26
https://www.pinterest.com/pin/212795151138803891/,Candied Pecan Recipe,52,2026-01-31 12:58:32
https://www.pinterest.com/pin/212795151138761085/,Beef Chimichangas,48,2026-01-31 12:58:37
https://www.pinterest.com/pin/212795151138804135/,N/A,38,2026-01-31 12:58:34
https://www.pinterest.com/pin/212795151138896065/,Cabbage Roll Soup,37,2026-01-31 12:58:29
https://www.pinterest.com/pin/212795151138730577/,Hot Chocolate Cookies,36,2026-01-31 12:58:36
https://www.pinterest.com/pin/56787645305089076/,Homemade Baked Mac and Cheese - The Creamiest Mac and Cheese,33,2026-01-31 12:58:32
https://www.pinterest.com/pin/212795151138897772/,Olive Garden Chicken Gnocchi Soup is perfect for a cool fall night or just,32,2026-01-31 12:58:33
https://www.pinterest.com/pin/212795151138902805/,Chicken Alfredo Casserole - Tornadough Alli,26,2026-01-31 12:58:29
https://www.pinterest.com/pin/212795151138882262/,Peanut Clusters,26,2026-01-31 12:58:29
https://www.pinterest.com/pin/212795151138983111/,Crowd Pleasing Italian Pinwheels,23,2026-01-31 12:58:25
https://www.pinterest.com/pin/212795151138883482/,Eggnog Hot Chocolate - Tornadough Alli,23,2026-01-31 12:58:29
https://www.pinterest.com/pin/212795151138877112/,Veggie Pizza Pinwheels - A Perfect Party Appetizer!,22,2026-01-31 12:58:29
https://www.pinterest.com/pin/56787645305087891/,Southern Banana Pudding - A delicious homemade pudding recipe!,22,2026-01-31 12:58:32
https://www.pinterest.com/pin/212795151138861661/,Veggie Pizza Pinwheels - A Perfect Party Appetizer!,21,2026-01-31 12:58:32
https://www.pinterest.com/pin/212795151138948789/,N/A,20,2026-01-31 12:58:28
https://www.pinterest.com/pin/212795151138940119/,Strawberries and Cream Overnight Oats,19,2026-01-31 12:58:27
https://www.pinterest.com/pin/212795151138882319/,N/A,19,2026-01-31 12:58:32
https://www.pinterest.com/pin/212795151138948998/,Homemade Cheez-Its - Tornadough Alli,18,2026-01-31 12:58:26
https://www.pinterest.com/pin/212795151138734598/,Buttermilk Pancake Recipe - Tornadough Alli,18,2026-01-31 12:58:35
https://www.pinterest.com/pin/56787645305149556/,Candied Pecan Recipe,17,2026-01-31 12:58:29
https://www.pinterest.com/pin/212795151138743965/,Chicken Stew,17,2026-01-31 12:58:37
https://www.pinterest.com/pin/212795151138876132/,Fried Cheese (with Balsamic Honey),16,2026-01-31 12:58:30
https://www.pinterest.com/pin/212795151138860859/,Homemade Honey Buns,15,2026-01-31 12:58:32
https://www.pinterest.com/pin/212795151138943127/,Cinnamon Roll Bars,14,2026-01-31 12:58:26
https://www.pinterest.com/pin/212795151138948867/,N/A,14,2026-01-31 12:58:28
https://www.pinterest.com/pin/212795151138878644/,Chocolate Sugar Cookies,14,2026-01-31 12:58:29
https://www.pinterest.com/pin/212795151138734683/,Homemade Chicken Tenders - Tornadough Alli,13,2026-01-31 12:58:35
https://www.pinterest.com/pin/212795151138733414/,Marshmallow Popcorn Balls - A Quick and Easy Family Treat!,13,2026-01-31 12:58:37
https://www.pinterest.com/pin/212795151138983362/,Chicken Stroganoff Recipe,11,2026-01-31 12:58:25
https://www.pinterest.com/pin/212795151138960866/,Hot and Sour Soup - Tornadough Alli,11,2026-01-31 12:58:26
https://www.pinterest.com/pin/212795151138832325/,Chicken Alfredo Casserole - Tornadough Alli,11,2026-01-31 12:58:31
https://www.pinterest.com/pin/212795151138761830/,Vodka Cranberry,11,2026-01-31 12:58:38
https://www.pinterest.com/pin/212795151138743485/,Olive Garden Chicken Gnocchi Soup,11,2026-01-31 12:58:38
https://www.pinterest.com/pin/212795151138975885/,Chocolate Chip Pancakes - Tornadough Alli,10,2026-01-31 12:58:25
https://www.pinterest.com/pin/212795151138762739/,Fruit Cake,10,2026-01-31 12:58:34
https://www.pinterest.com/pin/56787645305128100/,White Chocolate Peppermint Pretzel Rods - Tornadough Alli,9,2026-01-31 12:58:31
https://www.pinterest.com/pin/212795151138860758/,Gingerbread Bread Pudding - The perfect Christmas dish!,9,2026-01-31 12:58:32
https://www.pinterest.com/pin/212795151138851734/,Chocolate Sugar Cookies,9,2026-01-31 12:58:32
https://www.pinterest.com/pin/212795151138975823/,Homemade Hash Brown Patties,8,2026-01-31 12:58:25
https://www.pinterest.com/pin/56787645305092606/,Eggnog Cake - Tornadough Alli,7,2026-01-31 12:58:32
https://www.pinterest.com/pin/212795151138998502/,Pork Tenderloin Sandwich,1,2026-01-31 12:58:22
https://www.pinterest.com/pin/56787645305275330/,Easy No Bake Cookies - Tornadough Alli,1,2026-01-31 12:58:24
https://www.pinterest.com/pin/212795151138996284/,The Best Bread Pudding - The Perfect Breakfast Dish!,1,2026-01-31 12:58:24
https://www.pinterest.com/pin/56787645305274409/,Tuna Pasta Salad,1,2026-01-31 12:58:24
