url,title,upload_date
https://www.pinterest.com/pin/871798440383927046/,N/A,N/A
https://www.pinterest.com/pin/871798440383927081/,N/A,N/A
https://www.pinterest.com/pin/871798440384006858/,N/A,N/A
https://www.pinterest.com/pin/871798440384013594/,â¤ï¸â¤ï¸,2026-01-16T15:02:26.000Z
https://www.pinterest.com/pin/871798440384008633/,ğŸ˜ğŸ˜,2026-01-16T13:10:59.000Z
https://www.pinterest.com/pin/871798440384008571/,yummy,2026-01-16T13:10:20.000Z
https://www.pinterest.com/pin/871798440384008745/,ğŸ˜‹ğŸ˜‹,2026-01-16T13:13:08.000Z
https://www.pinterest.com/pin/871798440384013612/,look,2026-01-16T15:03:08.000Z
https://www.pinterest.com/pin/871798440384008608/,ğŸ˜ğŸ˜,2026-01-16T13:10:43.000Z
https://www.pinterest.com/pin/871798440384006878/,N/A,N/A
https://www.pinterest.com/pin/871798440384006941/,ğŸ˜‹ğŸ˜‹,2026-01-16T12:18:56.000Z
https://www.pinterest.com/pin/871798440384012997/,ğŸ¤¤ğŸ¤¤,2026-01-16T14:47:12.000Z
https://www.pinterest.com/pin/871798440384007024/,yummy,2026-01-16T12:21:36.000Z
https://www.pinterest.com/pin/871798440384006872/,N/A,N/A
https://www.pinterest.com/pin/871798440383927019/,N/A,N/A
https://www.pinterest.com/pin/871798440384008768/,love it,2026-01-16T13:13:33.000Z
https://www.pinterest.com/pin/871798440384008546/,N/A,N/A
https://www.pinterest.com/pin/871798440384008526/,N/A,N/A
https://www.pinterest.com/pin/871798440384006920/,N/A,N/A
https://www.pinterest.com/pin/871798440384013604/,yummy,2026-01-16T15:02:43.000Z
https://www.pinterest.com/pin/871798440384006956/,Uh oh! Too Many Requests,N/A
https://www.pinterest.com/pin/871798440383927074/,Uh oh! Too Many Requests,N/A
https://www.pinterest.com/pin/871798440383927005/,Uh oh! Too Many Requests,N/A
https://www.pinterest.com/pin/871798440383927012/,Uh oh! Too Many Requests,N/A
https://www.pinterest.com/pin/871798440383926953/,,2026-01-14T13:27:13.000Z
https://www.pinterest.com/pin/871798440383926997/,,2026-01-14T13:28:13.000Z
https://www.pinterest.com/pin/871798440383926966/,Pin on yummy food,2026-01-14T13:27:37.000Z
https://www.pinterest.com/pin/871798440383926941/,Pin on delicious food,2026-01-14T13:27:00.000Z
https://www.pinterest.com/pin/871798440383926933/,Pin on yummy food,2026-01-14T13:26:46.000Z
https://www.pinterest.com/pin/871798440383926871/,Pin on yummy,2026-01-14T13:25:48.000Z
https://www.pinterest.com/pin/871798440383926902/,Pin on yummy,2026-01-14T13:26:13.000Z
https://www.pinterest.com/pin/871798440383926925/,,2026-01-14T13:26:34.000Z
https://www.pinterest.com/pin/871798440383926992/,Assorted Sandwich Types,2026-01-14T13:28:02.000Z
https://www.pinterest.com/pin/871798440383926836/,Pin on yummy,2026-01-14T13:25:09.000Z
https://www.pinterest.com/pin/871798440383926857/,Pin on yummy,2026-01-14T13:25:26.000Z
https://www.pinterest.com/pin/871798440384008729/,ğŸ¤¤ğŸ¤¤,2026-01-16T13:12:53.000Z
https://www.pinterest.com/pin/871798440384006889/,ğŸ˜ğŸ˜,2026-01-16T12:17:24.000Z
https://www.pinterest.com/pin/871798440383926708/,,2026-01-14T13:22:26.000Z
https://www.pinterest.com/pin/871798440383926695/,,2026-01-14T13:21:55.000Z
https://www.pinterest.com/pin/871798440383926985/,Pin on yummy food,2026-01-14T13:27:49.000Z
https://www.pinterest.com/pin/871798440383926661/,,2026-01-14T13:20:49.000Z
https://www.pinterest.com/pin/871798440383926704/,,2026-01-14T13:22:11.000Z
https://www.pinterest.com/pin/871798440383926650/,Pin on yummy,2026-01-14T13:20:29.000Z
https://www.pinterest.com/pin/871798440383926748/,,2026-01-14T13:23:14.000Z
https://www.pinterest.com/pin/871798440383926617/,,2026-01-14T13:19:43.000Z
https://www.pinterest.com/pin/871798440383926612/,Pin on yummy,2026-01-14T13:19:27.000Z
https://www.pinterest.com/pin/871798440383926644/,,2026-01-14T13:20:15.000Z
https://www.pinterest.com/pin/871798440383926809/,N/A,N/A
https://www.pinterest.com/pin/871798440383926788/,N/A,N/A
https://www.pinterest.com/pin/871798440383926622/,,2026-01-14T13:20:01.000Z
https://www.pinterest.com/pin/871798440383926686/,,2026-01-14T13:21:40.000Z
https://www.pinterest.com/pin/871798440383926597/,,2026-01-14T13:18:43.000Z
https://www.pinterest.com/pin/871798440383926575/,Pin on desart,2026-01-14T13:18:28.000Z
https://www.pinterest.com/pin/871798440383883633/,,2026-01-13T11:19:56.000Z
https://www.pinterest.com/pin/871798440383883678/,,2026-01-13T11:21:44.000Z
https://www.pinterest.com/pin/871798440383926549/,yummy,2026-01-14T13:17:49.000Z
https://www.pinterest.com/pin/871798440383926605/,,2026-01-14T13:19:12.000Z
https://www.pinterest.com/pin/871798440383926601/,,2026-01-14T13:18:57.000Z
https://www.pinterest.com/pin/871798440383926560/,,2026-01-14T13:18:15.000Z
https://www.pinterest.com/pin/871798440383883683/,ğŸ˜ğŸ˜,2026-01-13T11:22:08.000Z
https://www.pinterest.com/pin/871798440383883664/,,2026-01-13T11:21:05.000Z
https://www.pinterest.com/pin/871798440383883655/,,2026-01-13T11:20:47.000Z
https://www.pinterest.com/pin/871798440383883601/,,2026-01-13T11:19:11.000Z
https://www.pinterest.com/pin/871798440383883620/,,2026-01-13T11:19:42.000Z
https://www.pinterest.com/pin/871798440383883598/,,2026-01-13T11:18:58.000Z
https://www.pinterest.com/pin/871798440383883515/,,2026-01-13T11:16:33.000Z
https://www.pinterest.com/pin/871798440383883494/,,2026-01-13T11:15:59.000Z
https://www.pinterest.com/pin/871798440383883564/,,2026-01-13T11:18:09.000Z
https://www.pinterest.com/pin/871798440383883537/,Pin on delicious food,2026-01-13T11:17:25.000Z
https://www.pinterest.com/pin/871798440383883463/,Pin on yummy,2026-01-13T11:15:09.000Z
https://www.pinterest.com/pin/871798440383883525/,Burger Instagram Post Ideas,2026-01-13T11:16:50.000Z
https://www.pinterest.com/pin/871798440383883530/,Boba Cafe Design,2026-01-13T11:17:07.000Z
https://www.pinterest.com/pin/871798440383883439/,,2026-01-13T11:14:33.000Z
https://www.pinterest.com/pin/871798440383883554/,,2026-01-13T11:17:51.000Z
https://www.pinterest.com/pin/871798440383883505/,,2026-01-13T11:16:15.000Z
https://www.pinterest.com/pin/871798440383883429/,Pin on delicious food,2026-01-13T11:14:15.000Z
https://www.pinterest.com/pin/871798440383846439/,,2026-01-12T14:19:52.000Z
https://www.pinterest.com/pin/871798440383883377/,look it,2026-01-13T11:12:35.000Z
https://www.pinterest.com/pin/871798440383846367/,,2026-01-12T14:17:55.000Z
https://www.pinterest.com/pin/871798440383883412/,ğŸ¤¤ğŸ¤¤,2026-01-13T11:13:18.000Z
https://www.pinterest.com/pin/871798440383846353/,,2026-01-12T14:17:26.000Z
https://www.pinterest.com/pin/871798440383846339/,,2026-01-12T14:17:02.000Z
https://www.pinterest.com/pin/871798440383846383/,Pin on delicious food,2026-01-12T14:18:26.000Z
https://www.pinterest.com/pin/871798440383883424/,N/A,N/A
https://www.pinterest.com/pin/871798440383883415/,N/A,N/A
https://www.pinterest.com/pin/871798440383846306/,,2026-01-12T14:16:08.000Z
https://www.pinterest.com/pin/871798440383846346/,,2026-01-12T14:17:12.000Z
https://www.pinterest.com/pin/871798440383846319/,Simple Food Prep Ideas,2026-01-12T14:16:30.000Z
https://www.pinterest.com/pin/871798440383846301/,,2026-01-12T14:15:58.000Z
https://www.pinterest.com/pin/871798440383846311/,Pin on delicious food,2026-01-12T14:16:20.000Z
https://www.pinterest.com/pin/871798440383846296/,Pin on yummy food,2026-01-12T14:15:48.000Z
https://www.pinterest.com/pin/871798440383846324/,,2026-01-12T14:16:40.000Z
https://www.pinterest.com/pin/871798440383846289/,Pin on yummy,2026-01-12T14:15:37.000Z
https://www.pinterest.com/pin/871798440383832564/,,2026-01-12T04:09:32.000Z
https://www.pinterest.com/pin/871798440383832561/,,2026-01-12T04:09:14.000Z
https://www.pinterest.com/pin/871798440383832571/,,2026-01-12T04:09:46.000Z
https://www.pinterest.com/pin/871798440383846287/,,2026-01-12T14:15:26.000Z
https://www.pinterest.com/pin/871798440383832582/,,2026-01-12T04:10:08.000Z
https://www.pinterest.com/pin/871798440383832556/,Pin on yummy,2026-01-12T04:09:03.000Z
https://www.pinterest.com/pin/871798440383832547/,Pin on yummy,2026-01-12T04:08:43.000Z
https://www.pinterest.com/pin/871798440383832543/,Protein Based Meals,2026-01-12T04:08:32.000Z
https://www.pinterest.com/pin/871798440383846327/,Pin on yummy,2026-01-12T14:16:50.000Z
https://www.pinterest.com/pin/871798440383832534/,,2026-01-12T04:08:02.000Z
https://www.pinterest.com/pin/871798440383832526/,,2026-01-12T04:07:45.000Z
https://www.pinterest.com/pin/871798440383832538/,,2026-01-12T04:08:12.000Z
https://www.pinterest.com/pin/871798440383832524/,Pin on yummy,2026-01-12T04:07:35.000Z
https://www.pinterest.com/pin/871798440383832518/,,2026-01-12T04:07:17.000Z
https://www.pinterest.com/pin/871798440383832521/,Pin on yummy food,2026-01-12T04:07:26.000Z
https://www.pinterest.com/pin/871798440383832500/,,2026-01-12T04:06:36.000Z
https://www.pinterest.com/pin/871798440383832504/,,2026-01-12T04:06:48.000Z
https://www.pinterest.com/pin/871798440383832498/,,2026-01-12T04:06:24.000Z
https://www.pinterest.com/pin/871798440383807241/,Pin on yummy,2026-01-11T14:24:16.000Z
https://www.pinterest.com/pin/871798440383807229/,Pin on yummy,2026-01-11T14:24:04.000Z
https://www.pinterest.com/pin/871798440383807196/,,2026-01-11T14:23:34.000Z
https://www.pinterest.com/pin/871798440383807164/,Plats Healthy,2026-01-11T14:22:49.000Z
https://www.pinterest.com/pin/871798440383807134/,,2026-01-11T14:21:59.000Z
https://www.pinterest.com/pin/871798440383807146/,,2026-01-11T14:22:21.000Z
https://www.pinterest.com/pin/871798440383807040/,,2026-01-11T14:18:47.000Z
https://www.pinterest.com/pin/871798440383807063/,,2026-01-11T14:19:30.000Z
https://www.pinterest.com/pin/871798440383807027/,,2026-01-11T14:18:35.000Z
https://www.pinterest.com/pin/871798440383832508/,Pin on yummy,2026-01-12T04:06:58.000Z
https://www.pinterest.com/pin/871798440383807052/,,2026-01-11T14:19:14.000Z
https://www.pinterest.com/pin/871798440383806992/,,2026-01-11T14:17:45.000Z
https://www.pinterest.com/pin/871798440383807001/,,2026-01-11T14:17:59.000Z
https://www.pinterest.com/pin/871798440383806983/,Pin on yummy,2026-01-11T14:17:33.000Z
https://www.pinterest.com/pin/871798440384012984/,look,2026-01-16T14:46:45.000Z
https://www.pinterest.com/pin/871798440383806919/,,2026-01-11T14:16:20.000Z
https://www.pinterest.com/pin/871798440383806904/,,2026-01-11T14:16:00.000Z
https://www.pinterest.com/pin/871798440383806888/,,2026-01-11T14:15:35.000Z
https://www.pinterest.com/pin/871798440383806829/,,2026-01-11T14:14:49.000Z
https://www.pinterest.com/pin/871798440383806876/,Pin on desart,2026-01-11T14:15:22.000Z
https://www.pinterest.com/pin/871798440384012989/,look,2026-01-16T14:46:58.000Z
https://www.pinterest.com/pin/871798440384013003/,ğŸ˜‹ğŸ˜‹,2026-01-16T14:47:26.000Z
https://www.pinterest.com/pin/871798440383748204/,,2026-01-10T07:10:37.000Z
https://www.pinterest.com/pin/871798440383748195/,,2026-01-10T07:10:24.000Z
https://www.pinterest.com/pin/871798440383748179/,,2026-01-10T07:09:57.000Z
https://www.pinterest.com/pin/871798440383748187/,Pin on yummy food,2026-01-10T07:10:14.000Z
https://www.pinterest.com/pin/871798440384006931/,ğŸ¤¤ğŸ¤¤,2026-01-16T12:18:36.000Z
https://www.pinterest.com/pin/871798440383926961/,Pin on yummy,2026-01-14T13:27:26.000Z
https://www.pinterest.com/pin/871798440383748154/,,2026-01-10T07:09:09.000Z
https://www.pinterest.com/pin/871798440383748151/,Pin on desart,2026-01-10T07:08:52.000Z
https://www.pinterest.com/pin/871798440383748126/,,2026-01-10T07:08:24.000Z
https://www.pinterest.com/pin/871798440383748116/,Pin on yummy,2026-01-10T07:08:08.000Z
https://www.pinterest.com/pin/871798440383926719/,Pin on yummy,2026-01-14T13:22:43.000Z
https://www.pinterest.com/pin/871798440383806972/,,2026-01-11T14:17:11.000Z
https://www.pinterest.com/pin/871798440383748084/,,2026-01-10T07:07:10.000Z
https://www.pinterest.com/pin/871798440383748093/,Pin on desart,2026-01-10T07:07:25.000Z
https://www.pinterest.com/pin/871798440383717239/,,2026-01-09T13:40:24.000Z
https://www.pinterest.com/pin/871798440383717216/,,2026-01-09T13:39:45.000Z
https://www.pinterest.com/pin/871798440383717180/,Cozy Seafood Boil Recipe,2026-01-09T13:38:59.000Z
https://www.pinterest.com/pin/871798440383717205/,Pin on desart,2026-01-09T13:39:33.000Z
https://www.pinterest.com/pin/871798440383748099/,,2026-01-10T07:07:38.000Z
https://www.pinterest.com/pin/871798440383883645/,Pin on yummy,2026-01-13T11:20:21.000Z
https://www.pinterest.com/pin/871798440383748077/,,2026-01-10T07:06:57.000Z
https://www.pinterest.com/pin/871798440383675599/,,2026-01-08T12:04:01.000Z
https://www.pinterest.com/pin/871798440383675594/,,2026-01-08T12:03:52.000Z
https://www.pinterest.com/pin/871798440383717173/,Pin on delicious food,2026-01-09T13:38:44.000Z
https://www.pinterest.com/pin/871798440383883611/,Pin on desart,2026-01-13T11:19:29.000Z
https://www.pinterest.com/pin/871798440383883480/,Pin on yummy,2026-01-13T11:15:35.000Z
https://www.pinterest.com/pin/871798440383883572/,Pin on delicious food,2026-01-13T11:18:25.000Z
https://www.pinterest.com/pin/871798440383675574/,,2026-01-08T12:03:03.000Z
https://www.pinterest.com/pin/871798440383675583/,,2026-01-08T12:03:23.000Z
https://www.pinterest.com/pin/871798440383675585/,Pin on Pins by you,2026-01-08T12:03:32.000Z
https://www.pinterest.com/pin/871798440383675588/,Pin on Pins by you,2026-01-08T12:03:40.000Z
https://www.pinterest.com/pin/871798440383846358/,Pin on yummy,2026-01-12T14:17:38.000Z
https://www.pinterest.com/pin/871798440383675561/,â¤ï¸â¤ï¸,2026-01-08T12:02:43.000Z
https://www.pinterest.com/pin/871798440383675551/,Pin on Pins by you,2026-01-08T12:02:22.000Z
https://www.pinterest.com/pin/871798440383675537/,ğŸ˜ğŸ˜,2026-01-08T12:01:47.000Z
https://www.pinterest.com/pin/871798440383675568/,ğŸ˜ğŸ˜,2026-01-08T12:02:54.000Z
https://www.pinterest.com/pin/871798440383675541/,look it,2026-01-08T12:01:59.000Z
https://www.pinterest.com/pin/871798440383883587/,Pin on yummy,2026-01-13T11:18:42.000Z
https://www.pinterest.com/pin/871798440383675496/,yummy,2026-01-08T12:00:31.000Z
https://www.pinterest.com/pin/871798440383675534/,â¤ï¸â¤ï¸,2026-01-08T12:01:37.000Z
https://www.pinterest.com/pin/871798440383675516/,ğŸ˜‹ğŸ˜‹,2026-01-08T12:01:05.000Z
https://www.pinterest.com/pin/871798440383675509/,ğŸ˜ğŸ˜,2026-01-08T12:00:53.000Z
https://www.pinterest.com/pin/871798440383675524/,like it,2026-01-08T12:01:27.000Z
https://www.pinterest.com/pin/871798440383675492/,look it,2026-01-08T12:00:21.000Z
https://www.pinterest.com/pin/871798440383675483/,â¤ï¸â¤ï¸,2026-01-08T11:59:57.000Z
https://www.pinterest.com/pin/871798440383675488/,ğŸ˜ğŸ˜,2026-01-08T12:00:09.000Z
https://www.pinterest.com/pin/871798440383675474/,,2026-01-08T11:59:35.000Z
https://www.pinterest.com/pin/871798440383631072/,ğŸ¤¤ğŸ¤¤,2026-01-07T12:30:41.000Z
https://www.pinterest.com/pin/871798440383832513/,Health Meal Prep Ideas Lunches,2026-01-12T04:07:08.000Z
https://www.pinterest.com/pin/871798440383631067/,ğŸ˜‹ğŸ˜‹,2026-01-07T12:30:31.000Z
https://www.pinterest.com/pin/871798440383832541/,Pin on delicious food,2026-01-12T04:08:22.000Z
https://www.pinterest.com/pin/871798440383807259/,Pin on yummy food,2026-01-11T14:24:31.000Z
https://www.pinterest.com/pin/871798440383832553/,Food Ideas Healthy,2026-01-12T04:08:52.000Z
https://www.pinterest.com/pin/871798440383631039/,ğŸ¤¤ğŸ¤¤,2026-01-07T12:29:40.000Z
https://www.pinterest.com/pin/871798440383631028/,ğŸ˜‹ğŸ˜‹,2026-01-07T12:29:09.000Z
https://www.pinterest.com/pin/871798440383631030/,ğŸ˜‹ğŸ˜‹,2026-01-07T12:29:18.000Z
https://www.pinterest.com/pin/871798440383807266/,Pin on yummy,2026-01-11T14:24:44.000Z
https://www.pinterest.com/pin/871798440383631027/,ğŸ¤¤ğŸ¤¤ğŸ¤¤,2026-01-07T12:28:56.000Z
https://www.pinterest.com/pin/871798440383631023/,Pin on Pins by you,2026-01-07T12:28:43.000Z
https://www.pinterest.com/pin/871798440383807154/,Pin on yummy,2026-01-11T14:22:35.000Z
https://www.pinterest.com/pin/871798440383807186/,Vision Board Eat Healthy,2026-01-11T14:23:16.000Z
https://www.pinterest.com/pin/871798440383631018/,â¤ï¸â¤ï¸,2026-01-07T12:28:22.000Z
https://www.pinterest.com/pin/871798440383631005/,,2026-01-07T12:27:46.000Z
https://www.pinterest.com/pin/871798440383631009/,Pin on Pins by you,2026-01-07T12:27:55.000Z
https://www.pinterest.com/pin/871798440383807011/,Pin on yummy,2026-01-11T14:18:13.000Z
https://www.pinterest.com/pin/871798440383630997/,ğŸ˜ğŸ˜,2026-01-07T12:27:20.000Z
https://www.pinterest.com/pin/871798440383630982/,ğŸ˜‹ğŸ˜‹,2026-01-07T12:26:36.000Z
https://www.pinterest.com/pin/871798440383630985/,,2026-01-07T12:26:45.000Z
https://www.pinterest.com/pin/871798440383630979/,â¤ï¸â¤ï¸,2026-01-07T12:26:01.000Z
https://www.pinterest.com/pin/871798440383630993/,look,2026-01-07T12:27:09.000Z
https://www.pinterest.com/pin/871798440383630987/,Burgers And Sandwiches Menu,2026-01-07T12:26:55.000Z
https://www.pinterest.com/pin/871798440383630972/,ğŸ˜‹ğŸ˜‹,2026-01-07T12:25:37.000Z
https://www.pinterest.com/pin/871798440383748216/,Pin on desart,2026-01-10T07:11:06.000Z
https://www.pinterest.com/pin/871798440383630957/,look,2026-01-07T12:24:59.000Z
https://www.pinterest.com/pin/871798440383630964/,ğŸ˜ğŸ˜,2026-01-07T12:25:10.000Z
https://www.pinterest.com/pin/871798440383630967/,â¤ï¸â¤ï¸,2026-01-07T12:25:23.000Z
https://www.pinterest.com/pin/871798440383549365/,ğŸ¤¤ğŸ¤¤,2026-01-05T11:37:46.000Z
https://www.pinterest.com/pin/871798440383748223/,Pin on Pins by you,2026-01-10T07:11:18.000Z
https://www.pinterest.com/pin/871798440383549320/,Street Food Plating Ideas,2026-01-05T11:36:08.000Z
https://www.pinterest.com/pin/871798440383549361/,yummy ğŸ˜‹ğŸ˜‹,2026-01-05T11:37:36.000Z
https://www.pinterest.com/pin/871798440383549325/,,2026-01-05T11:36:18.000Z
https://www.pinterest.com/pin/871798440383549310/,,2026-01-05T11:35:50.000Z
https://www.pinterest.com/pin/871798440383630977/,ğŸ˜ğŸ˜,2026-01-07T12:25:50.000Z
https://www.pinterest.com/pin/871798440383549303/,yumm ğŸ¤¤ğŸ¤¤,2026-01-05T11:35:40.000Z
https://www.pinterest.com/pin/871798440383549295/,,2026-01-05T11:35:28.000Z
https://www.pinterest.com/pin/871798440383549292/,African Street Food Platter,2026-01-05T11:35:19.000Z
https://www.pinterest.com/pin/871798440383748164/,Pin on yummy,2026-01-10T07:09:25.000Z
https://www.pinterest.com/pin/871798440383549283/,Late Night Party Food,2026-01-05T11:34:57.000Z
https://www.pinterest.com/pin/871798440383549266/,Pizza Boxes With Different Toppings,2026-01-05T11:34:22.000Z
https://www.pinterest.com/pin/871798440383549191/,look,2026-01-05T11:30:46.000Z
https://www.pinterest.com/pin/871798440383549186/,ğŸ˜ğŸ˜,2026-01-05T11:30:17.000Z
https://www.pinterest.com/pin/871798440383549347/,â¤ï¸â¤ï¸,2026-01-05T11:37:03.000Z
https://www.pinterest.com/pin/871798440383549183/,ğŸ¤¤ğŸ¤¤,2026-01-05T11:30:03.000Z
https://www.pinterest.com/pin/871798440383748145/,Pin on desart,2026-01-10T07:08:38.000Z
https://www.pinterest.com/pin/871798440383549177/,Hot Dog Pasta,2026-01-05T11:29:30.000Z
https://www.pinterest.com/pin/871798440383549170/,Kinds Of Bread,2026-01-05T11:29:18.000Z
https://www.pinterest.com/pin/871798440383717233/,Pin on yummy,2026-01-09T13:40:11.000Z
https://www.pinterest.com/pin/871798440383549159/,Various Loaded Fries Toppings,2026-01-05T11:28:20.000Z
https://www.pinterest.com/pin/871798440383549341/,Pin on Pins by you,2026-01-05T11:36:53.000Z
https://www.pinterest.com/pin/871798440383548847/,,2026-01-05T11:11:27.000Z
https://www.pinterest.com/pin/871798440383549158/,ğŸ˜ğŸ˜,2026-01-05T11:28:06.000Z
https://www.pinterest.com/pin/871798440383549153/,Grill Restaurant Menu Ideas,2026-01-05T11:27:44.000Z
https://www.pinterest.com/pin/871798440383549054/,,2026-01-05T11:21:35.000Z
https://www.pinterest.com/pin/871798440383675601/,look,2026-01-08T12:04:10.000Z
https://www.pinterest.com/pin/871798440383717158/,Burek Recipe,2026-01-09T13:38:24.000Z
https://www.pinterest.com/pin/871798440383549189/,Parmesan Recipes,2026-01-05T11:30:33.000Z
https://www.pinterest.com/pin/871798440383548833/,,2026-01-05T11:10:59.000Z
https://www.pinterest.com/pin/871798440383548838/,Pin on delicious food,2026-01-05T11:11:09.000Z
https://www.pinterest.com/pin/871798440383548830/,,2026-01-05T11:10:40.000Z
https://www.pinterest.com/pin/871798440383504542/,Food To Gain Muscle,2026-01-04T09:01:29.000Z
https://www.pinterest.com/pin/871798440383504504/,Food With Buns,2026-01-04T09:00:20.000Z
https://www.pinterest.com/pin/871798440383504536/,look it,2026-01-04T09:01:19.000Z
https://www.pinterest.com/pin/871798440383504551/,ğŸ˜‹ğŸ˜‹,2026-01-04T09:01:40.000Z
https://www.pinterest.com/pin/871798440383549163/,Street Food Business,2026-01-05T11:28:51.000Z
https://www.pinterest.com/pin/871798440383504530/,Food Truck,2026-01-04T09:01:09.000Z
https://www.pinterest.com/pin/871798440383504483/,ğŸ˜ğŸ˜ğŸ˜,2026-01-04T08:59:44.000Z
https://www.pinterest.com/pin/871798440383504475/,Asian Food Recipes Korean,2026-01-04T08:59:27.000Z
https://www.pinterest.com/pin/871798440383504490/,Mr Munch Chuck E Cheese,2026-01-04T08:59:57.000Z
https://www.pinterest.com/pin/871798440383504478/,Hot Noodles Recipes,2026-01-04T08:59:34.000Z
https://www.pinterest.com/pin/871798440383504467/,ğŸ¤¤ğŸ¤¤ğŸ¤¤,2026-01-04T08:59:10.000Z
https://www.pinterest.com/pin/871798440383504453/,â¤ï¸â¤ï¸,2026-01-04T08:58:34.000Z
https://www.pinterest.com/pin/871798440383675554/,Pin on Pins by you,2026-01-08T12:02:33.000Z
https://www.pinterest.com/pin/871798440383675503/,â¤ï¸â¤ï¸,2026-01-08T12:00:42.000Z
https://www.pinterest.com/pin/871798440383675519/,ğŸ¤¤ğŸ¤¤,2026-01-08T12:01:16.000Z
https://www.pinterest.com/pin/871798440383631061/,ğŸ˜ğŸ˜,2026-01-07T12:30:20.000Z
https://www.pinterest.com/pin/871798440383504445/,Fresh Strawberry Parfait,2026-01-04T08:58:12.000Z
https://www.pinterest.com/pin/871798440383504442/,Banana Pudding With Whipped Cream,2026-01-04T08:58:05.000Z
https://www.pinterest.com/pin/871798440383504448/,ğŸ˜‹ğŸ˜‹,2026-01-04T08:58:22.000Z
https://www.pinterest.com/pin/871798440383675477/,look,2026-01-08T11:59:45.000Z
https://www.pinterest.com/pin/871798440383504431/,Food Heaven,2026-01-04T08:57:35.000Z
https://www.pinterest.com/pin/871798440383504437/,Sweet Foods Aesthetic,2026-01-04T08:57:50.000Z
https://www.pinterest.com/pin/871798440383631056/,â¤ï¸â¤ï¸,2026-01-07T12:30:09.000Z
https://www.pinterest.com/pin/871798440383504438/,CaffÃ¨ Del Mattino,2026-01-04T08:57:57.000Z
https://www.pinterest.com/pin/871798440383631045/,â¤ï¸â¤ï¸,2026-01-07T12:29:50.000Z
https://www.pinterest.com/pin/871798440383504424/,Hamburger Meat Pie Recipes,2026-01-04T08:57:24.000Z
https://www.pinterest.com/pin/871798440383499256/,Pin on yummy,2026-01-04T05:13:37.000Z
https://www.pinterest.com/pin/871798440383499308/,Kielbasa Recipes,2026-01-04T05:16:52.000Z
https://www.pinterest.com/pin/871798440383504434/,Crispy Crab Cakes,2026-01-04T08:57:43.000Z
https://www.pinterest.com/pin/871798440383504460/,ğŸ¤¤ğŸ¤¤,2026-01-04T08:58:53.000Z
https://www.pinterest.com/pin/871798440383631033/,â¤ï¸â¤ï¸,2026-01-07T12:29:30.000Z
https://www.pinterest.com/pin/871798440383631050/,Pin on Pins by you,2026-01-07T12:29:59.000Z
https://www.pinterest.com/pin/871798440383499251/,Homemade Bread Recipes Easy,2026-01-04T05:13:32.000Z
https://www.pinterest.com/pin/871798440383499247/,Cleanse Drink Recipes,2026-01-04T05:13:26.000Z
https://www.pinterest.com/pin/871798440383631000/,ğŸ˜ğŸ˜,2026-01-07T12:27:34.000Z
https://www.pinterest.com/pin/871798440383499241/,Steak Dinner Preparation Guide,2026-01-04T05:13:14.000Z
https://www.pinterest.com/pin/871798440383499244/,Sweet Things To Eat,2026-01-04T05:13:20.000Z
https://www.pinterest.com/pin/871798440383499223/,Marshmallow Swirl Dessert,2026-01-04T05:12:48.000Z
https://www.pinterest.com/pin/871798440383499197/,Creamy Pasta With Buffalo Sauce,2026-01-04T05:11:51.000Z
https://www.pinterest.com/pin/871798440383499232/,Lasagna Casserole,2026-01-04T05:13:01.000Z
https://www.pinterest.com/pin/871798440383499218/,Smoothie Recipe List,2026-01-04T05:12:36.000Z
https://www.pinterest.com/pin/871798440383499206/,Lasagna Filling,2026-01-04T05:12:07.000Z
https://www.pinterest.com/pin/871798440383499211/,Baked Snacks Healthy,2026-01-04T05:12:23.000Z
https://www.pinterest.com/pin/871798440383499220/,Pork Bites,2026-01-04T05:12:42.000Z
https://www.pinterest.com/pin/871798440383464060/,Seafood Lasagna Recipe Easy,2026-01-03T11:07:58.000Z
https://www.pinterest.com/pin/871798440383499193/,Strawberries And Ice Cream Desserts,2026-01-04T05:11:42.000Z
https://www.pinterest.com/pin/871798440383499228/,Bakery Shop Interior,2026-01-04T05:12:55.000Z
https://www.pinterest.com/pin/871798440383631013/,Pin on Pins by you,2026-01-07T12:28:11.000Z
https://www.pinterest.com/pin/871798440383499203/,Cheesesteak Dinner Ideas,2026-01-04T05:12:00.000Z
https://www.pinterest.com/pin/871798440383464045/,Philly Cheese Steak Recipe,2026-01-03T11:07:24.000Z
https://www.pinterest.com/pin/871798440383464032/,Grill Supper Ideas,2026-01-03T11:07:09.000Z
https://www.pinterest.com/pin/871798440383464047/,Bombe Recipe,2026-01-03T11:07:32.000Z
https://www.pinterest.com/pin/871798440383464078/,N/A,N/A
https://www.pinterest.com/pin/871798440383464055/,N/A,N/A
https://www.pinterest.com/pin/871798440383463991/,Kinds Of Bread,2026-01-03T11:06:18.000Z
https://www.pinterest.com/pin/871798440383464041/,Sandwiches On Hoagie Rolls,2026-01-03T11:07:16.000Z
https://www.pinterest.com/pin/871798440383464004/,Honey Garlic Wings,2026-01-03T11:06:35.000Z
https://www.pinterest.com/pin/871798440383464021/,Hot Sub Sandwich Ideas,2026-01-03T11:07:00.000Z
https://www.pinterest.com/pin/871798440383463983/,Pasta Kinds,2026-01-03T11:06:10.000Z
https://www.pinterest.com/pin/871798440383463997/,Hot Dog Pasta,2026-01-03T11:06:27.000Z
https://www.pinterest.com/pin/871798440383463958/,Chicken Nuggets,2026-01-03T11:05:47.000Z
https://www.pinterest.com/pin/871798440383463936/,Chicken Nuggets,2026-01-03T11:05:15.000Z
https://www.pinterest.com/pin/871798440383464050/,N/A,N/A
https://www.pinterest.com/pin/871798440383457456/,Christmas Desserts Creative,2026-01-03T06:37:07.000Z
https://www.pinterest.com/pin/871798440383463905/,Grill Restaurant Menu Ideas,2026-01-03T11:04:45.000Z
https://www.pinterest.com/pin/871798440383499214/,Cheesy Garlic Chicken Wraps With Cream Cheese,2026-01-04T05:12:29.000Z
https://www.pinterest.com/pin/871798440383457453/,,2026-01-03T06:37:00.000Z
https://www.pinterest.com/pin/871798440383457449/,Crescent Roll Bread,2026-01-03T06:36:52.000Z
https://www.pinterest.com/pin/871798440383457441/,,2026-01-03T06:36:36.000Z
https://www.pinterest.com/pin/871798440383457389/,,2026-01-03T06:35:46.000Z
https://www.pinterest.com/pin/871798440383457394/,Shawarma Recipe Ideas,2026-01-03T06:36:08.000Z
https://www.pinterest.com/pin/871798440383457390/,Breakfast Recipes With Cream Cheese,2026-01-03T06:35:53.000Z
https://www.pinterest.com/pin/871798440383457399/,Yogurt Protein Smoothie,2026-01-03T06:36:22.000Z
https://www.pinterest.com/pin/871798440383457383/,Stuffed Salmon Recipes Baked,2026-01-03T06:35:27.000Z
https://www.pinterest.com/pin/871798440383457396/,Cute Bakery Items,2026-01-03T06:36:14.000Z
https://www.pinterest.com/pin/871798440383457392/,Fun Sweets To Make,2026-01-03T06:36:00.000Z
https://www.pinterest.com/pin/871798440383549290/,Assorted Meats And Rice Platter,2026-01-05T11:35:09.000Z
https://www.pinterest.com/pin/871798440383549315/,Pin on Pins by you,2026-01-05T11:35:58.000Z
https://www.pinterest.com/pin/871798440383457166/,Clear Healthy Skin,2026-01-03T06:28:13.000Z
https://www.pinterest.com/pin/871798440383457181/,Winter Soup Recipe,2026-01-03T06:28:37.000Z
https://www.pinterest.com/pin/871798440383549166/,Pasta Kinds,2026-01-05T11:29:06.000Z
https://www.pinterest.com/pin/871798440383457193/,Types Of Wraps Food,2026-01-03T06:28:58.000Z
https://www.pinterest.com/pin/871798440383457173/,Creamy Steak Tortellini,2026-01-03T06:28:29.000Z
https://www.pinterest.com/pin/871798440383457170/,Christmas Grinch Desserts,2026-01-03T06:28:21.000Z
https://www.pinterest.com/pin/871798440383457162/,,2026-01-03T06:28:05.000Z
https://www.pinterest.com/pin/871798440383457158/,Fruity Cake Recipes,2026-01-03T06:27:58.000Z
https://www.pinterest.com/pin/871798440383431941/,Indian Cooking Recipes,2026-01-02T17:50:35.000Z
https://www.pinterest.com/pin/871798440383457373/,N/A,N/A
https://www.pinterest.com/pin/871798440383431950/,Mash Potatoes Recipe,2026-01-02T17:50:42.000Z
https://www.pinterest.com/pin/871798440383431957/,Breakfast Place,2026-01-02T17:50:53.000Z
https://www.pinterest.com/pin/871798440383457197/,Uh oh! Too Many Requests,N/A
https://www.pinterest.com/pin/871798440383431932/,Kielbasa Recipes,2026-01-02T17:50:18.000Z
https://www.pinterest.com/pin/871798440383431939/,Inexpensive Dinner Recipes,2026-01-02T17:50:29.000Z
https://www.pinterest.com/pin/871798440383431857/,Fun Tasty Dinners,2026-01-02T17:48:28.000Z
https://www.pinterest.com/pin/871798440383431924/,Homemade Chinese Food,2026-01-02T17:50:07.000Z
https://www.pinterest.com/pin/871798440383431937/,Arroz Verde Receta,2026-01-02T17:50:23.000Z
https://www.pinterest.com/pin/871798440383431850/,Peaches And Cream Cupcakes Recipe,2026-01-02T17:48:19.000Z
https://www.pinterest.com/pin/871798440383431831/,Fruit Smoothie Recipes Healthy,2026-01-02T17:47:59.000Z
https://www.pinterest.com/pin/871798440383431827/,Christmas Food For Work Party,2026-01-02T17:47:53.000Z
https://www.pinterest.com/pin/871798440383431953/,Peanut Butter Roll,2026-01-02T17:50:48.000Z
https://www.pinterest.com/pin/871798440383431919/,Chili Rice,2026-01-02T17:50:00.000Z
https://www.pinterest.com/pin/871798440383431814/,Tofu Dinner Recipes,2026-01-02T17:47:35.000Z
https://www.pinterest.com/pin/871798440383431782/,Football Season Food,2026-01-02T17:46:43.000Z
https://www.pinterest.com/pin/871798440383431822/,Christmas Food For Work Party,2026-01-02T17:47:43.000Z
https://www.pinterest.com/pin/871798440383431760/,Starbucks Barista Training,2026-01-02T17:46:17.000Z
https://www.pinterest.com/pin/871798440383431776/,Hot Dog Sandwich Recipes,2026-01-02T17:46:37.000Z
https://www.pinterest.com/pin/871798440383431750/,Chapstick Diy,2026-01-02T17:46:09.000Z
https://www.pinterest.com/pin/871798440383431788/,Spicy Pickled Eggs Recipe,2026-01-02T17:46:50.000Z
https://www.pinterest.com/pin/871798440383431740/,Marshmallow Salad Recipe,2026-01-02T17:45:50.000Z
https://www.pinterest.com/pin/871798440383504463/,Oreo Milkshake Ideas,2026-01-04T08:59:01.000Z
https://www.pinterest.com/pin/871798440383414331/,Cheesy Burger,2026-01-02T09:13:25.000Z
https://www.pinterest.com/pin/871798440383431843/,Lasagna Casserole,2026-01-02T17:48:13.000Z
https://www.pinterest.com/pin/871798440383504456/,ğŸ˜ğŸ˜,2026-01-04T08:58:43.000Z
https://www.pinterest.com/pin/871798440383414299/,ğŸ¤¤ğŸ¤¤ğŸ¤¤,2026-01-02T09:12:31.000Z
https://www.pinterest.com/pin/871798440383414264/,Healthy Daily Meals,2026-01-02T09:10:02.000Z
https://www.pinterest.com/pin/871798440383504473/,ğŸ˜‹ğŸ˜‹,2026-01-04T08:59:19.000Z
https://www.pinterest.com/pin/871798440383504494/,ğŸ˜‹ğŸ˜‹,2026-01-04T09:00:06.000Z
https://www.pinterest.com/pin/871798440383414219/,wowğŸ˜ğŸ˜,2026-01-02T09:07:37.000Z
https://www.pinterest.com/pin/871798440383431769/,Culinary Basics,2026-01-02T17:46:31.000Z
https://www.pinterest.com/pin/871798440383414224/,yummy ğŸ¤¤ğŸ¤¤ğŸ¤¤,2026-01-02T09:07:53.000Z
https://www.pinterest.com/pin/871798440383431763/,Sausage Cream Cheese Crescent Rolls,2026-01-02T17:46:24.000Z
https://www.pinterest.com/pin/871798440382888526/,Culinary Cooking,2025-12-20T16:10:22.000Z
https://www.pinterest.com/pin/871798440382888510/,Korean Corn Dog Toppings,2025-12-20T16:10:04.000Z
https://www.pinterest.com/pin/871798440382888517/,Snickers Corn Dogs,2025-12-20T16:10:12.000Z
https://www.pinterest.com/pin/871798440382888484/,Hot Dogs At Home,2025-12-20T16:09:35.000Z
https://www.pinterest.com/pin/871798440382888476/,Hot Dog Types,2025-12-20T16:09:27.000Z
https://www.pinterest.com/pin/871798440382888433/,ğŸ¤¤ğŸ¤¤,2025-12-20T16:08:24.000Z
https://www.pinterest.com/pin/871798440382888463/,Foods Ice Cream,2025-12-20T16:09:12.000Z
https://www.pinterest.com/pin/871798440382888458/,ğŸ˜‹ğŸ˜‹ğŸ˜‹,2025-12-20T16:09:04.000Z
https://www.pinterest.com/pin/871798440382888469/,Cheesy Burger,2025-12-20T16:09:19.000Z
https://www.pinterest.com/pin/871798440382888422/,look,2025-12-20T16:08:03.000Z
https://www.pinterest.com/pin/871798440382551734/,Food Obsession,2025-12-12T01:36:17.000Z
https://www.pinterest.com/pin/871798440382551730/,,2025-12-12T01:36:06.000Z
https://www.pinterest.com/pin/871798440382551720/,look,2025-12-12T01:35:45.000Z
https://www.pinterest.com/pin/871798440382551716/,Food Core,2025-12-12T01:35:35.000Z
https://www.pinterest.com/pin/871798440382551690/,Food Presentation Plates,2025-12-12T01:34:30.000Z
https://www.pinterest.com/pin/871798440382551706/,ğŸ˜ğŸ˜ğŸ˜,2025-12-12T01:35:06.000Z
https://www.pinterest.com/pin/871798440382551712/,ğŸ¤¤ğŸ¤¤,2025-12-12T01:35:27.000Z
https://www.pinterest.com/pin/871798440382551710/,ğŸ˜‹ğŸ˜‹ğŸ˜‹,2025-12-12T01:35:16.000Z
https://www.pinterest.com/pin/871798440382551702/,yummy,2025-12-12T01:34:52.000Z
https://www.pinterest.com/pin/871798440383499190/,Clean Diet Snacks,2026-01-04T05:11:35.000Z
https://www.pinterest.com/pin/871798440382551687/,look,2025-12-12T01:34:21.000Z
https://www.pinterest.com/pin/871798440382551697/,ğŸ˜ğŸ˜,2025-12-12T01:34:41.000Z
https://www.pinterest.com/pin/871798440382026904/,yummy,2025-11-28T06:25:21.000Z
https://www.pinterest.com/pin/871798440383464006/,Parmesan Recipes,2026-01-03T11:06:44.000Z
https://www.pinterest.com/pin/871798440382026895/,ğŸ¤¤ğŸ¤¤,2025-11-28T06:25:10.000Z
https://www.pinterest.com/pin/871798440382026877/,Types Of Sandwiches,2025-11-28T06:24:39.000Z
https://www.pinterest.com/pin/871798440382026880/,wow,2025-11-28T06:24:49.000Z
https://www.pinterest.com/pin/871798440382551726/,ğŸ˜‹ğŸ˜‹,2025-12-12T01:35:56.000Z
https://www.pinterest.com/pin/871798440382026859/,Pizza Type Recipes,2025-11-28T06:23:59.000Z
https://www.pinterest.com/pin/871798440382026847/,look it,2025-11-28T06:23:42.000Z
https://www.pinterest.com/pin/871798440381443472/,Bacon Wrapped Recipes,2025-11-13T13:00:02.000Z
https://www.pinterest.com/pin/871798440382026852/,look,2025-11-28T06:23:51.000Z
https://www.pinterest.com/pin/871798440382026874/,Subway Sandwiches Ideas,2025-11-28T06:24:30.000Z
https://www.pinterest.com/pin/871798440382026870/,Unique Fast Food Ideas,2025-11-28T06:24:22.000Z
https://www.pinterest.com/pin/871798440382026862/,Finger Foods,2025-11-28T06:24:08.000Z
https://www.pinterest.com/pin/871798440383457444/,Shortcake Cheesecake,2026-01-03T06:36:44.000Z
https://www.pinterest.com/pin/871798440381443464/,Culinary Cooking,2025-11-13T12:59:40.000Z
https://www.pinterest.com/pin/871798440381429198/,ğŸ¤¤ğŸ¤¤,2025-11-13T02:05:22.000Z
https://www.pinterest.com/pin/871798440383457369/,Types Of Wraps Food,2026-01-03T06:35:02.000Z
https://www.pinterest.com/pin/871798440381429177/,Slaw Dog,2025-11-13T02:04:41.000Z
https://www.pinterest.com/pin/871798440381429202/,Late Night Party Food,2025-11-13T02:05:33.000Z
https://www.pinterest.com/pin/871798440383463970/,Street Food Business,2026-01-03T11:05:59.000Z
https://www.pinterest.com/pin/871798440381429173/,look,2025-11-13T02:04:33.000Z
https://www.pinterest.com/pin/871798440381429188/,ğŸ¤¤ğŸ¤¤,2025-11-13T02:04:59.000Z
https://www.pinterest.com/pin/871798440381429192/,ğŸ˜‹ğŸ˜‹,2025-11-13T02:05:12.000Z
https://www.pinterest.com/pin/871798440383457385/,Sweet And Spicy Meatballs,2026-01-03T06:35:33.000Z
https://www.pinterest.com/pin/871798440383457377/,Red Velvet Brownies Recipe Homemade,2026-01-03T06:35:21.000Z
https://www.pinterest.com/pin/871798440383457434/,Anti Inflammation Mediterranean Recipes,2026-01-03T06:36:29.000Z
https://www.pinterest.com/pin/871798440381429179/,Sauteed Green Peppers,2025-11-13T02:04:48.000Z
https://www.pinterest.com/pin/871798440381429169/,,2025-11-13T02:04:25.000Z
https://www.pinterest.com/pin/871798440381429164/,look,2025-11-13T02:04:09.000Z
https://www.pinterest.com/pin/871798440383431959/,Pizza,2026-01-02T17:51:01.000Z
https://www.pinterest.com/pin/871798440381401413/,Beautiful Homes,2025-11-12T10:21:18.000Z
https://www.pinterest.com/pin/871798440383431960/,Gourmet Burgers,2026-01-02T17:51:09.000Z
https://www.pinterest.com/pin/871798440381401421/,ğŸ˜‹ğŸ˜‹,2025-11-12T10:21:52.000Z
https://www.pinterest.com/pin/871798440381401408/,ğŸ˜ğŸ˜,2025-11-12T10:21:09.000Z
https://www.pinterest.com/pin/871798440381401399/,look it,2025-11-12T10:20:44.000Z
https://www.pinterest.com/pin/871798440381356154/,Beef And Cheese,2025-11-11T03:03:00.000Z
https://www.pinterest.com/pin/871798440381401381/,Restaurant Menu Ideas Food Recipes,2025-11-12T10:20:15.000Z
https://www.pinterest.com/pin/871798440381356143/,Sweet Foods Aesthetic,2025-11-11T03:02:53.000Z
https://www.pinterest.com/pin/871798440381356138/,â¤ï¸â¤ï¸,2025-11-11T03:02:45.000Z
https://www.pinterest.com/pin/871798440381401462/,Foods Ice Cream,2025-11-12T10:23:03.000Z
https://www.pinterest.com/pin/871798440381401386/,Projects To Try,2025-11-12T10:20:23.000Z
https://www.pinterest.com/pin/871798440381401404/,Pin by foodiepeople on Pins by you | Cocktails,2025-11-12T10:20:54.000Z
https://www.pinterest.com/pin/871798440381401368/,Drinks,2025-11-12T10:19:39.000Z
https://www.pinterest.com/pin/871798440381356075/,Seafood Ramen Noodles,2025-11-11T03:01:10.000Z
https://www.pinterest.com/pin/871798440381356103/,Grilled Meat And Cheese Platter,2025-11-11T03:02:00.000Z
https://www.pinterest.com/pin/871798440381356065/,Yummy Food Spicy,2025-11-11T03:00:53.000Z
https://www.pinterest.com/pin/871798440381356111/,yummy,2025-11-11T03:02:12.000Z
https://www.pinterest.com/pin/871798440381356089/,yummy,2025-11-11T03:01:31.000Z
https://www.pinterest.com/pin/871798440381233149/,Pin by foodiepeople on Pins by you,2025-11-08T00:39:13.000Z
https://www.pinterest.com/pin/871798440381356081/,look,2025-11-11T03:01:20.000Z
https://www.pinterest.com/pin/871798440381233143/,Usa Food,2025-11-08T00:38:56.000Z
https://www.pinterest.com/pin/871798440381233102/,Street Food Business,2025-11-08T00:36:44.000Z
https://www.pinterest.com/pin/871798440381233099/,Culinary Cooking,2025-11-08T00:36:31.000Z
https://www.pinterest.com/pin/871798440381053423/,,2025-11-03T13:12:29.000Z
https://www.pinterest.com/pin/871798440381053439/,ğŸ˜‹ğŸ˜‹,2025-11-03T13:12:58.000Z
https://www.pinterest.com/pin/871798440381053405/,Street Food Business,2025-11-03T13:11:52.000Z
https://www.pinterest.com/pin/871798440381233088/,,2025-11-08T00:36:12.000Z
https://www.pinterest.com/pin/871798440383414328/,Yummy Burrito,2026-01-02T09:13:17.000Z
https://www.pinterest.com/pin/871798440381356070/,ğŸ˜‹ğŸ˜‹,2025-11-11T03:01:01.000Z
https://www.pinterest.com/pin/871798440381232935/,Creative Breakfast Pizza Ideas,2025-11-08T00:29:55.000Z
https://www.pinterest.com/pin/871798440381049935/,ğŸ˜‹ğŸ˜‹,2025-11-03T10:33:51.000Z
https://www.pinterest.com/pin/871798440381356118/,ğŸ¤¤ğŸ¤¤,2025-11-11T03:02:21.000Z
https://www.pinterest.com/pin/871798440383414303/,Moroccan Meatball Soup,2026-01-02T09:12:38.000Z
https://www.pinterest.com/pin/871798440381053412/,Food Cart Design,2025-11-03T13:12:09.000Z
https://www.pinterest.com/pin/871798440381049926/,ğŸ¤¤ğŸ¤¤,2025-11-03T10:33:34.000Z
https://www.pinterest.com/pin/871798440381011595/,yummy ğŸ˜‹ğŸ˜‹,2025-11-02T10:58:36.000Z
https://www.pinterest.com/pin/871798440383414266/,ğŸ˜‹ğŸ˜‹ğŸ˜‹,2026-01-02T09:10:16.000Z
https://www.pinterest.com/pin/871798440383414258/,look itğŸ˜‹ğŸ˜‹,2026-01-02T09:09:49.000Z
https://www.pinterest.com/pin/871798440381011725/,look,2025-11-02T11:03:08.000Z
https://www.pinterest.com/pin/871798440381011540/,foodies ğŸ˜‡ğŸ˜‡,2025-11-02T10:57:25.000Z
https://www.pinterest.com/pin/871798440381011645/,lobster,2025-11-02T11:00:22.000Z
https://www.pinterest.com/pin/871798440380833378/,ğŸ¤¤ğŸ¤¤,2025-10-28T12:56:43.000Z
https://www.pinterest.com/pin/871798440381011587/,tasty ğŸ˜‹ğŸ˜‹,2025-11-02T10:58:19.000Z
https://www.pinterest.com/pin/871798440381053565/,Cooking Recipes For Dinner,2025-11-03T13:16:33.000Z
https://www.pinterest.com/pin/871798440383414239/,ğŸ¤¤ğŸ¤¤ğŸ¤¤,2026-01-02T09:08:40.000Z
https://www.pinterest.com/pin/871798440381011547/,yummyğŸ¤¤ğŸ¤¤,2025-11-02T10:57:46.000Z
https://www.pinterest.com/pin/871798440381011434/,look it,2025-11-02T10:53:35.000Z
https://www.pinterest.com/pin/871798440380833404/,ğŸ˜‹ğŸ˜‹,2025-10-28T12:57:25.000Z
https://www.pinterest.com/pin/871798440382551735/,Tostada Recipes,2025-12-12T01:36:27.000Z
https://www.pinterest.com/pin/871798440381011528/,look,2025-11-02T10:57:00.000Z
https://www.pinterest.com/pin/871798440382888417/,look,2025-12-20T16:07:54.000Z
https://www.pinterest.com/pin/871798440380833371/,,2025-10-28T12:56:28.000Z
https://www.pinterest.com/pin/871798440380833202/,look it ğŸ˜‹ğŸ˜‹,2025-10-28T12:51:35.000Z
https://www.pinterest.com/pin/871798440380833248/,ğŸ¤¤ğŸ¤¤,2025-10-28T12:53:33.000Z
https://www.pinterest.com/pin/871798440380833315/,Quick Cooking Recipes,2025-10-28T12:55:10.000Z
https://www.pinterest.com/pin/871798440382888429/,yummy,2025-12-20T16:08:13.000Z
https://www.pinterest.com/pin/871798440380833187/,yummy,2025-10-28T12:51:15.000Z
https://www.pinterest.com/pin/871798440380715499/,ğŸ¤¤ğŸ¤¤,2025-10-25T15:14:57.000Z
https://www.pinterest.com/pin/871798440380833278/,,2025-10-28T12:54:11.000Z
https://www.pinterest.com/pin/871798440380715457/,Soul Food Dinner,2025-10-25T15:14:15.000Z
https://www.pinterest.com/pin/871798440380715443/,look ğŸ˜‹ğŸ˜‹,2025-10-25T15:14:03.000Z
https://www.pinterest.com/pin/871798440380833256/,ğŸ˜‹ğŸ˜‹,2025-10-28T12:53:50.000Z
https://www.pinterest.com/pin/871798440380715436/,ğŸ¤¤ğŸ¤¤,2025-10-25T15:13:51.000Z
https://www.pinterest.com/pin/871798440380715428/,ğŸ˜ğŸ˜,2025-10-25T15:13:31.000Z
https://www.pinterest.com/pin/871798440380715433/,Brawn Food,2025-10-25T15:13:40.000Z
https://www.pinterest.com/pin/871798440380715414/,yummy ğŸ¤¤ğŸ¤¤,2025-10-25T15:13:19.000Z
https://www.pinterest.com/pin/871798440380636007/,Spicy Octopus Korean,2025-10-23T14:20:48.000Z
https://www.pinterest.com/pin/871798440380715384/,ğŸ˜‹ğŸ˜‹ğŸ˜‹,2025-10-25T15:12:45.000Z
https://www.pinterest.com/pin/871798440380635998/,Bbq Octopus Recipe,2025-10-23T14:20:33.000Z
https://www.pinterest.com/pin/871798440380635899/,look ğŸ¤¤ğŸ¤¤,2025-10-23T14:17:52.000Z
https://www.pinterest.com/pin/871798440380635906/,ğŸ¤¤ğŸ¤¤,2025-10-23T14:18:04.000Z
https://www.pinterest.com/pin/871798440380833210/,ğŸ¤¤ğŸ¤¤,2025-10-28T12:51:53.000Z
https://www.pinterest.com/pin/871798440381443469/,Fast Food Place List,2025-11-13T12:59:56.000Z
https://www.pinterest.com/pin/871798440380635891/,yummyğŸ˜‹ğŸ˜‹,2025-10-23T14:17:42.000Z
https://www.pinterest.com/pin/871798440382026888/,ğŸ˜‹ğŸ˜‹ğŸ˜‹,2025-11-28T06:25:01.000Z
https://www.pinterest.com/pin/871798440380635875/,ğŸ˜‹ğŸ˜‹,2025-10-23T14:17:16.000Z
https://www.pinterest.com/pin/871798440380635865/,ğŸ¤¤ğŸ¤¤ğŸ¤¤,2025-10-23T14:17:05.000Z
https://www.pinterest.com/pin/871798440380636108/,"Pin by foodiepeople on Pins by you | Recipes, Food, Foodie",2025-10-23T14:22:28.000Z
https://www.pinterest.com/pin/871798440381429291/,Korean Food,2025-11-13T02:09:17.000Z
https://www.pinterest.com/pin/871798440380524378/,Stuffed Shells Meat,2025-10-20T13:51:11.000Z
https://www.pinterest.com/pin/871798440380524393/,yummy,2025-10-20T13:51:27.000Z
https://www.pinterest.com/pin/871798440380635951/,ğŸ¤¤ğŸ¤¤,2025-10-23T14:19:44.000Z
https://www.pinterest.com/pin/871798440381429166/,Philly Steak,2025-11-13T02:04:18.000Z
https://www.pinterest.com/pin/871798440380524258/,Grilled Salmon Fillet,2025-10-20T13:44:00.000Z
https://www.pinterest.com/pin/871798440380524371/,Crockpot Chili Meatballs,2025-10-20T13:50:55.000Z
https://www.pinterest.com/pin/871798440380469206/,look ğŸ¤¤ğŸ¤¤,2025-10-19T02:18:15.000Z
https://www.pinterest.com/pin/871798440380469214/,Beautiful Food Ideas,2025-10-19T02:18:33.000Z
https://www.pinterest.com/pin/871798440380579755/,Summer Crockpot Recipes Healthy,2025-10-22T02:59:29.000Z
https://www.pinterest.com/pin/871798440381401395/,look,2025-11-12T10:20:34.000Z
https://www.pinterest.com/pin/871798440380524251/,Seafood Ramen Noodles,2025-10-20T13:43:41.000Z
https://www.pinterest.com/pin/871798440380469190/,ğŸ˜‹ğŸ˜‹,2025-10-19T02:17:29.000Z
https://www.pinterest.com/pin/871798440380469186/,yummy,2025-10-19T02:17:15.000Z
https://www.pinterest.com/pin/871798440380412242/,ğŸ˜‹ğŸ˜‹,2025-10-17T15:59:22.000Z
https://www.pinterest.com/pin/871798440381429160/,Burger Names Ideas,2025-11-13T02:04:02.000Z
https://www.pinterest.com/pin/871798440380412228/,ğŸ¤¤ğŸ¤¤,2025-10-17T15:58:53.000Z
https://www.pinterest.com/pin/871798440381356129/,look,2025-11-11T03:02:30.000Z
https://www.pinterest.com/pin/871798440380412384/,yummy ğŸ¤¤ğŸ¤¤,2025-10-17T16:04:19.000Z
https://www.pinterest.com/pin/871798440380412237/,like it ğŸ˜‹ğŸ˜‹ğŸ˜‹,2025-10-17T15:59:12.000Z
https://www.pinterest.com/pin/871798440380412251/,yummy ğŸ¤¤ğŸ¤¤,2025-10-17T15:59:43.000Z
https://www.pinterest.com/pin/871798440380469217/,yummy ğŸ˜‹ğŸ˜‹,2025-10-19T02:18:46.000Z
https://www.pinterest.com/pin/871798440380330668/,ğŸ˜ğŸ˜,2025-10-15T11:04:59.000Z
https://www.pinterest.com/pin/871798440380330636/,ğŸ˜‹ğŸ˜‹ğŸ˜‹,2025-10-15T11:04:23.000Z
https://www.pinterest.com/pin/871798440380469210/,ğŸ˜‹ğŸ˜‹,2025-10-19T02:18:25.000Z
https://www.pinterest.com/pin/871798440381356100/,Grilling Recipes,2025-11-11T03:01:51.000Z
https://www.pinterest.com/pin/871798440380330615/,ğŸ˜‹ğŸ˜‹ğŸ˜‹,2025-10-15T11:03:37.000Z
https://www.pinterest.com/pin/871798440380330596/,look it,2025-10-15T11:03:00.000Z
https://www.pinterest.com/pin/871798440380330584/,ğŸ¤¤ğŸ¤¤,2025-10-15T11:02:42.000Z
https://www.pinterest.com/pin/871798440380330608/,ğŸ¤¤ğŸ¤¤ğŸ¤¤,2025-10-15T11:03:18.000Z
https://www.pinterest.com/pin/871798440381356095/,ğŸ¤¤ğŸ¤¤,2025-11-11T03:01:44.000Z
https://www.pinterest.com/pin/871798440380228867/,ğŸ¤¤ğŸ¤¤ğŸ¤¤,2025-10-12T15:54:53.000Z
https://www.pinterest.com/pin/871798440380228975/,ğŸ˜ğŸ˜,2025-10-12T15:58:08.000Z
https://www.pinterest.com/pin/871798440380330563/,Skewer Recipes Chicken,2025-10-15T11:02:14.000Z
https://www.pinterest.com/pin/871798440380330510/,Creamy Spaghetti,2025-10-15T11:00:52.000Z
https://www.pinterest.com/pin/871798440380228934/,cheesy ğŸ˜‹ğŸ˜‹,2025-10-12T15:56:58.000Z
https://www.pinterest.com/pin/871798440380228982/,ğŸ˜‹ğŸ˜‹ğŸ˜‹,2025-10-12T15:58:17.000Z
https://www.pinterest.com/pin/871798440380228294/,ğŸ˜ğŸ˜,2025-10-12T15:37:36.000Z
https://www.pinterest.com/pin/871798440380228860/,yummy ğŸ˜‹ğŸ˜‹,2025-10-12T15:54:35.000Z
https://www.pinterest.com/pin/871798440380228261/,ğŸ˜‹ğŸ˜‹ğŸ˜‹,2025-10-12T15:36:56.000Z
https://www.pinterest.com/pin/871798440380228282/,monster cheese burger,2025-10-12T15:37:23.000Z
https://www.pinterest.com/pin/871798440380228944/,ğŸ˜‡ğŸ˜‡,2025-10-12T15:57:17.000Z
https://www.pinterest.com/pin/871798440380189218/,shrimp ğŸ˜‹ğŸ˜‹,2025-10-11T16:46:43.000Z
https://www.pinterest.com/pin/871798440380189119/,ğŸ˜‹ğŸ˜‹ğŸ˜‹,2025-10-11T16:42:25.000Z
https://www.pinterest.com/pin/871798440380330576/,ğŸ˜‹ğŸ˜‹,2025-10-15T11:02:29.000Z
https://www.pinterest.com/pin/871798440380188956/,ğŸ¤¤ğŸ¤¤ğŸ¤¤,2025-10-11T16:39:00.000Z
https://www.pinterest.com/pin/871798440380188769/,ğŸ¤¤ğŸ¤¤,2025-10-11T16:36:07.000Z
https://www.pinterest.com/pin/871798440380189024/,chicken leg piece ğŸ˜‹ğŸ˜‹,2025-10-11T16:40:37.000Z
https://www.pinterest.com/pin/871798440380189069/,potatoes recipe,2025-10-11T16:41:28.000Z
https://www.pinterest.com/pin/871798440380188933/,Egg recipe,2025-10-11T16:38:40.000Z
https://www.pinterest.com/pin/871798440380188878/,yummy ğŸ¤¤ğŸ¤¤,2025-10-11T16:37:35.000Z
https://www.pinterest.com/pin/871798440380188812/,look it â˜ºï¸â˜ºï¸,2025-10-11T16:36:40.000Z
https://www.pinterest.com/pin/871798440379996147/,wow,2025-10-06T10:51:49.000Z
https://www.pinterest.com/pin/871798440379996139/,yummy ğŸ• ğŸ˜‹,2025-10-06T10:51:19.000Z
https://www.pinterest.com/pin/871798440379996121/,ğŸ¥²i,2025-10-06T10:50:05.000Z
https://www.pinterest.com/pin/871798440379996134/,ğŸ¥°ğŸ¥°,2025-10-06T10:50:54.000Z
https://www.pinterest.com/pin/871798440381053556/,Cooking Soul Food,2025-11-03T13:16:17.000Z
https://www.pinterest.com/pin/871798440381053547/,Soul Food Dinner,2025-11-03T13:16:00.000Z
https://www.pinterest.com/pin/871798440379996106/,yummy ğŸ• ğŸ˜‹,2025-10-06T10:48:46.000Z
https://www.pinterest.com/pin/871798440379996088/,eat or pass ğŸ¤” ğŸ˜‹,2025-10-06T10:48:00.000Z
https://www.pinterest.com/pin/871798440379996137/,ğŸ¥±ğŸ¥±,2025-10-06T10:51:06.000Z
https://www.pinterest.com/pin/871798440379950679/,ğŸ˜ğŸ˜,2025-10-05T05:52:36.000Z
https://www.pinterest.com/pin/871798440379950763/,ğŸ˜ğŸ˜,2025-10-05T05:53:59.000Z
https://www.pinterest.com/pin/871798440379996071/,ğŸ‘ ğŸ¥°,2025-10-06T10:47:43.000Z
https://www.pinterest.com/pin/871798440379950746/,ğŸ˜ğŸ˜,2025-10-05T05:53:43.000Z
https://www.pinterest.com/pin/871798440379950724/,chicken lolipop,2025-10-05T05:53:23.000Z
https://www.pinterest.com/pin/871798440379950694/,ğŸ˜‹,2025-10-05T05:52:50.000Z
https://www.pinterest.com/pin/871798440379950710/,yummy ğŸ•,2025-10-05T05:53:04.000Z
https://www.pinterest.com/pin/871798440379931261/,wow,2025-10-04T17:56:23.000Z
https://www.pinterest.com/pin/871798440379931131/,Turkish egg ğŸ¥š ğŸ˜‹,2025-10-04T17:54:06.000Z
https://www.pinterest.com/pin/871798440379931110/,ğŸ˜‹ğŸ˜‹,2025-10-04T17:53:36.000Z
https://www.pinterest.com/pin/871798440379931041/,yummy ğŸ•,2025-10-04T17:51:51.000Z
https://www.pinterest.com/pin/871798440379888479/,ğŸ˜ğŸ˜,2025-10-03T16:45:16.000Z
https://www.pinterest.com/pin/871798440379888465/,susj ğŸ˜‹ğŸ˜‹,2025-10-03T16:44:38.000Z
https://www.pinterest.com/pin/871798440379931062/,wow ğŸ‘Œ ğŸ‘ ğŸ˜,2025-10-04T17:52:20.000Z
https://www.pinterest.com/pin/871798440379888484/,ğŸ˜ğŸ˜,2025-10-03T16:45:30.000Z
https://www.pinterest.com/pin/871798440379888444/,octopus fry 1ğŸ˜‹,2025-10-03T16:44:02.000Z
https://www.pinterest.com/pin/871798440381011444/,yummy ğŸ¤¤ğŸ¤¤,2025-11-02T10:53:53.000Z
https://www.pinterest.com/pin/871798440379852170/,Fries And Cheese,2025-10-02T16:26:36.000Z
https://www.pinterest.com/pin/871798440379888431/,Grilled Pork Skewers,2025-10-03T16:43:34.000Z
https://www.pinterest.com/pin/871798440379950611/,yummy ğŸ•,2025-10-05T05:51:36.000Z
https://www.pinterest.com/pin/871798440379852168/,yummy,2025-10-02T16:26:26.000Z
https://www.pinterest.com/pin/871798440379852179/,Mc Donald Food,2025-10-02T16:26:55.000Z
https://www.pinterest.com/pin/871798440381011716/,ğŸ˜‹ğŸ˜‹,2025-11-02T11:02:51.000Z
https://www.pinterest.com/pin/871798440379852157/,ğŸ˜‹ğŸ˜‹,2025-10-02T16:26:03.000Z
https://www.pinterest.com/pin/871798440379852175/,Soul Food Dinner,2025-10-02T16:26:46.000Z
https://www.pinterest.com/pin/871798440380715474/,pizza ğŸ¤¤ğŸ¤¤,2025-10-25T15:14:35.000Z
https://www.pinterest.com/pin/871798440379852114/,ğŸ˜ğŸ˜,2025-10-02T16:24:50.000Z
https://www.pinterest.com/pin/871798440379852164/,ğŸ˜‹ğŸ˜‹,2025-10-02T16:26:14.000Z
https://www.pinterest.com/pin/871798440379852141/,ğŸ˜ğŸ˜,2025-10-02T16:25:40.000Z
https://www.pinterest.com/pin/871798440379852127/,ğŸ˜‹ğŸ˜‹,2025-10-02T16:25:14.000Z
https://www.pinterest.com/pin/871798440379852119/,ğŸ˜‹ğŸ˜‹,2025-10-02T16:25:02.000Z
https://www.pinterest.com/pin/871798440380715492/,ğŸ˜ğŸ˜,2025-10-25T15:14:48.000Z
https://www.pinterest.com/pin/871798440379802900/,Noodle Buffet,2025-10-01T07:19:42.000Z
https://www.pinterest.com/pin/871798440379852131/,,2025-10-02T16:25:24.000Z
https://www.pinterest.com/pin/871798440379802888/,Korean And Japanese Food,2025-10-01T07:19:21.000Z
https://www.pinterest.com/pin/871798440380715398/,look,2025-10-25T15:13:01.000Z
https://www.pinterest.com/pin/871798440379852102/,yummy,2025-10-02T16:24:38.000Z
https://www.pinterest.com/pin/871798440379802898/,Korean And Japanese Food,2025-10-01T07:19:32.000Z
https://www.pinterest.com/pin/871798440379802883/,ğŸ˜€ğŸ˜€,2025-10-01T07:19:13.000Z
https://www.pinterest.com/pin/871798440380636034/,ğŸ¤¤ğŸ¤¤,2025-10-23T14:21:10.000Z
https://www.pinterest.com/pin/871798440379888424/,ğŸ˜‹ğŸ˜‹,2025-10-03T16:43:17.000Z
https://www.pinterest.com/pin/871798440379802770/,Yummy Milkshakes,2025-10-01T07:15:22.000Z
https://www.pinterest.com/pin/871798440379802789/,yup,2025-10-01T07:16:01.000Z
https://www.pinterest.com/pin/871798440379802783/,yummy,2025-10-01T07:15:51.000Z
https://www.pinterest.com/pin/871798440379802765/,ğŸ˜‹ğŸ˜‹,2025-10-01T07:15:13.000Z
https://www.pinterest.com/pin/871798440379802753/,Chicken Breadsticks,2025-10-01T07:14:44.000Z
https://www.pinterest.com/pin/871798440379802750/,ğŸ˜ğŸ˜,2025-10-01T07:14:34.000Z
https://www.pinterest.com/pin/871798440379802759/,wow,2025-10-01T07:15:01.000Z
https://www.pinterest.com/pin/871798440379852146/,Big Bag Of Takis,2025-10-02T16:25:49.000Z
https://www.pinterest.com/pin/871798440379802746/,ğŸ˜›ğŸ˜›,2025-10-01T07:14:20.000Z
https://www.pinterest.com/pin/871798440380579750/,Rotini Pasta With Ground Beef,2025-10-22T02:59:21.000Z
https://www.pinterest.com/pin/871798440379745148/,Yummy Food Noodles,2025-09-29T16:38:50.000Z
https://www.pinterest.com/pin/871798440379802794/,pizza ğŸ˜‹ğŸ˜‹,2025-10-01T07:16:19.000Z
https://www.pinterest.com/pin/871798440379745106/,Fried Chicken With Sauce,2025-09-29T16:37:42.000Z
https://www.pinterest.com/pin/871798440379802731/,ğŸ˜ğŸ˜,2025-10-01T07:13:42.000Z
https://www.pinterest.com/pin/871798440379745107/,Best Bite Of A Burrito,2025-09-29T16:37:51.000Z
https://www.pinterest.com/pin/871798440379802711/,yummy ğŸ˜‹ğŸ˜‹,2025-10-01T07:13:07.000Z
https://www.pinterest.com/pin/871798440379802733/,ğŸ˜‹ğŸ˜‹,2025-10-01T07:13:55.000Z
https://www.pinterest.com/pin/871798440379745084/,Guam Fried Chicken,2025-09-29T16:36:56.000Z
https://www.pinterest.com/pin/871798440380412254/,ğŸ˜ğŸ˜,2025-10-17T15:59:55.000Z
https://www.pinterest.com/pin/871798440380524366/,Kebab Recipes Beef,2025-10-20T13:50:41.000Z
https://www.pinterest.com/pin/871798440380524400/,Bake Turkey Wings Recipe,2025-10-20T13:51:41.000Z
https://www.pinterest.com/pin/871798440379745079/,Chocolate Covered Strawberries In A Cup,2025-09-29T16:36:37.000Z
https://www.pinterest.com/pin/871798440379669046/,Popular Junk Food,2025-09-27T17:28:57.000Z
https://www.pinterest.com/pin/871798440379669019/,Asian Fast Food Meal,2025-09-27T17:28:07.000Z
https://www.pinterest.com/pin/871798440379669039/,American Fast Food Meal,2025-09-27T17:28:46.000Z
https://www.pinterest.com/pin/871798440379669034/,Soul Food Dinner,2025-09-27T17:28:36.000Z
https://www.pinterest.com/pin/871798440379669030/,Spicy Wings Aesthetic,2025-09-27T17:28:27.000Z
https://www.pinterest.com/pin/871798440379631413/,ğŸ˜‹ğŸ˜‹,2025-09-26T16:28:26.000Z
https://www.pinterest.com/pin/871798440379631406/,ğŸ˜ğŸ˜,2025-09-26T16:28:13.000Z
https://www.pinterest.com/pin/871798440379631404/,yummy tğŸ˜ğŸ˜,2025-09-26T16:28:02.000Z
https://www.pinterest.com/pin/871798440380469180/,ğŸ˜ğŸ˜,2025-10-19T02:17:04.000Z
https://www.pinterest.com/pin/871798440379802725/,ğŸ˜ğŸ˜,2025-10-01T07:13:27.000Z
https://www.pinterest.com/pin/871798440379557465/,Deep Dish Pizza In Box,2025-09-24T16:50:37.000Z
https://www.pinterest.com/pin/871798440379418740/,Pizza And Fries Meal,2025-09-21T04:35:11.000Z
https://www.pinterest.com/pin/871798440379418748/,Cheesy Pizza And Wings,2025-09-21T04:35:30.000Z
https://www.pinterest.com/pin/871798440379418735/,Cheese Dip Fries,2025-09-21T04:35:01.000Z
https://www.pinterest.com/pin/871798440379418743/,Pizza Hut Bites,2025-09-21T04:35:19.000Z
https://www.pinterest.com/pin/871798440379418729/,Potato Food Truck Ideas,2025-09-21T04:34:42.000Z
https://www.pinterest.com/pin/871798440379418725/,Soul Food Dinner,2025-09-21T04:34:33.000Z
https://www.pinterest.com/pin/871798440379418711/,ğŸ¤©,2025-09-21T04:34:15.000Z
https://www.pinterest.com/pin/871798440379418703/,ğŸ¤©ğŸ¤©,2025-09-21T04:34:04.000Z
https://www.pinterest.com/pin/871798440379348366/,Homemade Egg Salad Sandwich,2025-09-19T09:06:40.000Z
https://www.pinterest.com/pin/871798440379348352/,Yummy Foodies,2025-09-19T09:05:53.000Z
https://www.pinterest.com/pin/871798440379348339/,Yummy Foodies,2025-09-19T09:05:25.000Z
https://www.pinterest.com/pin/871798440379348361/,Smoked Sausage And Pasta Recipes Easy,2025-09-19T09:06:22.000Z
https://www.pinterest.com/pin/871798440379289386/,Food Meals,2025-09-17T16:19:14.000Z
https://www.pinterest.com/pin/871798440379348383/,Creamy Peanut Butter Milkshake,2025-09-19T09:07:09.000Z
https://www.pinterest.com/pin/871798440379348343/,China Recipes,2025-09-19T09:05:35.000Z
https://www.pinterest.com/pin/871798440379348334/,Yummy Foodies,2025-09-19T09:05:02.000Z
https://www.pinterest.com/pin/871798440379274728/,Food Meals,2025-09-17T07:21:42.000Z
https://www.pinterest.com/pin/871798440379274714/,Homemade Mango Smoothie Recipe,2025-09-17T07:20:38.000Z
https://www.pinterest.com/pin/871798440379274706/,Frankfurt Sausage,2025-09-17T07:20:23.000Z
https://www.pinterest.com/pin/871798440379251891/,Fried Food Platter,2025-09-16T16:20:00.000Z
https://www.pinterest.com/pin/871798440380189192/,delicious home cooked roast chicken recipe,2025-10-11T16:45:36.000Z
https://www.pinterest.com/pin/871798440379251853/,Dinner Ideas With Nothing In The House,2025-09-16T16:18:24.000Z
https://www.pinterest.com/pin/871798440379348372/,Tamago Sando Aesthetic,2025-09-19T09:06:50.000Z
https://www.pinterest.com/pin/871798440379251852/,Spice Food,2025-09-16T16:18:14.000Z
https://www.pinterest.com/pin/871798440379218616/,Food Vids,2025-09-15T17:08:12.000Z
https://www.pinterest.com/pin/871798440379251870/,ğŸ˜ğŸ˜,2025-09-16T16:19:18.000Z
https://www.pinterest.com/pin/871798440379996143/,ğŸ¥°ğŸ¥°,2025-10-06T10:51:33.000Z
https://www.pinterest.com/pin/871798440379218434/,ğŸ˜ğŸ˜,2025-09-15T17:00:26.000Z
https://www.pinterest.com/pin/871798440379996117/,yummy,2025-10-06T10:49:53.000Z
https://www.pinterest.com/pin/871798440379163302/,Cooking Recipes For Dinner,2025-09-14T04:51:59.000Z
https://www.pinterest.com/pin/871798440379163291/,Potato Food Recipes,2025-09-14T04:51:38.000Z
https://www.pinterest.com/pin/871798440379163322/,Chinese Food Recipes Videos,2025-09-14T04:52:43.000Z
https://www.pinterest.com/pin/871798440379163285/,Chocolate Mochi Ice Cream,2025-09-14T04:51:21.000Z
https://www.pinterest.com/pin/871798440379931073/,egg recipe ğŸ˜‹ ğŸ˜,2025-10-04T17:52:40.000Z
https://www.pinterest.com/pin/871798440379888456/,ğŸ˜ğŸ˜ğŸ˜‹,2025-10-03T16:44:17.000Z
https://www.pinterest.com/pin/871798440379163259/,ğŸ˜ğŸ˜,2025-09-14T04:50:27.000Z
https://www.pinterest.com/pin/871798440379931090/,ğŸ˜ğŸ˜,2025-10-04T17:53:12.000Z
https://www.pinterest.com/pin/871798440379802774/,coffee,2025-10-01T07:15:39.000Z
https://www.pinterest.com/pin/871798440379802738/,ğŸ˜ğŸ˜,2025-10-01T07:14:08.000Z
https://www.pinterest.com/pin/871798440379745082/,Food With Shrimp,2025-09-29T16:36:46.000Z
https://www.pinterest.com/pin/871798440379745132/,Yummy Burrito,2025-09-29T16:37:59.000Z
https://www.pinterest.com/pin/871798440379418721/,ğŸ˜ğŸ˜,2025-09-21T04:34:26.000Z
https://www.pinterest.com/pin/871798440379745088/,Roast Beef With Gravy,2025-09-29T16:37:04.000Z
https://www.pinterest.com/pin/871798440379745069/,Chocolate Covered Fruit Tray,2025-09-29T16:36:25.000Z
https://www.pinterest.com/pin/871798440379348377/,Healthy Lunch Snacks,2025-09-19T09:06:58.000Z
https://www.pinterest.com/pin/871798440379348357/,Food Alfredo,2025-09-19T09:06:06.000Z
https://www.pinterest.com/pin/871798440379418733/,Best Food Ever,2025-09-21T04:34:51.000Z
https://www.pinterest.com/pin/871798440379669060/,Creamy Peanut Butter Milkshake,2025-09-27T17:29:13.000Z
https://www.pinterest.com/pin/871798440379348337/,Yummy Food Spicy,2025-09-19T09:05:13.000Z
https://www.pinterest.com/pin/871798440379631418/,Colorful Burgers With Fries,2025-09-26T16:28:35.000Z
https://www.pinterest.com/pin/871798440379274700/,Sides For Food Trucks,2025-09-17T07:19:55.000Z
https://www.pinterest.com/pin/871798440379163312/,Chocolate Balls Recipe,2025-09-14T04:52:14.000Z
https://www.pinterest.com/pin/871798440379218394/,Hermione Granger,2025-09-15T16:58:54.000Z
https://www.pinterest.com/pin/871798440379669022/,American Fast Food,N/A
